Cocktail Name 1,Cocktail Name 2,Similarity Score
French Connection,Godfather,0.8517945790347179
Martini,Tequila Martini,0.6637495427143115
Black Russian,Dirty Mother,0.6285210929525838
Black Russian,Brave Bull,0.6077737377711652
Margarita,Sidecar,0.5825039974070954
Cuba Libre,Moscow Mule,0.49690708856607796
Gin Fizz,Tom Collins,0.4433370566972714
Harvard Cooler,Tom Collins,0.4413672368972149
Brave Bull,Dirty Mother,0.403473361735409
Horse’s Neck,Vodka & Tonic,0.4004301612589112
Gin & Tonic,Vodka & Tonic,0.364406978270993
Harvard Cooler,Singapore Sling,0.36060568470849336
Screwdriver,Tequila Sunrise,0.3526311293241338
Imperial Fizz,Tom Collins,0.3392016421833197
Singapore Sling,Tom Collins,0.32328952147527146
Cosmopolitan,Sidecar,0.3118012404619194
Chi-Chi,Sex on the Beach,0.31115457083937026
Earthquake,Martini,0.30299192216817705
Margarita,New York,0.30284038735057434
Manhattan,Martini Sweet,0.3028211535473964
Bloody Mary,Screwdriver,0.28265419109223916
Margarita,Mockingbird,0.27880883450390054
New York,Vodka Gimlet,0.27012647492402697
Brave Bull,Godfather,0.2694489094190459
Brave Bull,French Connection,0.2680887730333311
Harvard Cooler,Imperial Fizz,0.26718103570812457
Martini,Martini Sweet,0.24753801725287913
Cosmopolitan,Margarita,0.2432482160963187
Gin Fizz,Tequila Sunrise,0.23723635983829866
Gin & Tonic,Gin Fizz,0.23665285302941208
Horse’s Neck,Moscow Mule,0.2307085744623102
Imperial Fizz,John Collins,0.2279885254421052
New York,Sidecar,0.22788708206886849
Sidecar,Stinger,0.2274292235495541
Miami Beach,New York,0.2230234910324819
Dirty Mother,Havana Beach,0.21679298556868817
Cosmopolitan,Miami Beach,0.21169326633833424
EL Diablo,Horse’s Neck,0.2114168936640784
Gin Fizz,Harvard Cooler,0.2032087335669563
Harvard Cooler,John Collins,0.20289339475645699
EL Diablo,Moscow Mule,0.20225622038823704
Earthquake,Martini Sweet,0.2013662333700061
Harvard Cooler,Horse’s Neck,0.19647674198440548
Gin & Tonic,Horse’s Neck,0.19597466428761473
John Collins,Tom Collins,0.19529516881110953
Brooklyn,Earthquake,0.19420609409831874
Manhattan,Martini,0.1905455020132869
Gin Fizz,Horse’s Neck,0.18927489760855634
Salty Dog,Vodka & Tonic,0.18658243060943155
John Collins,New York,0.18246473788287265
Martini,Miami Beach,0.18167485217379828
Cherry Blossom,Sidecar,0.17895129396180126
Screwdriver,Vodka & Tonic,0.17591915245920678
Mockingbird,Tequila Sunrise,0.1752172401934734
French Connection,Horse’s Neck,0.17110923447145338
Miami Beach,Salty Dog,0.16678680836407547
Havana Beach,Tequila Sunset,0.1655096155869081
Dirty Mother,French Connection,0.16355986240509743
Godfather,Old Fashioned,0.16216266939548782
Margarita,Vodka Gimlet,0.16216216023606897
Brave Bull,Old Fashioned,0.16030777318141415
Mockingbird,Vodka Gimlet,0.157130271066604
Earthquake,Tequila Martini,0.157064515025199
Horse’s Neck,Tom Collins,0.15680699578573654
Mockingbird,New York,0.15515117956821267
Harvard Cooler,Mojito,0.15068422137043178
French Connection,Sidecar,0.15000442671154188
Mockingbird,Sidecar,0.1487008837198053
Manhattan,Old Fashioned,0.14747084008514544
Miami Beach,Sidecar,0.14651746159850182
Gin Fizz,Singapore Sling,0.1458401685693684
John Collins,Manhattan,0.1441141571980564
Margarita,Silk Stockings,0.14395265757345607
Moscow Mule,Vodka Gimlet,0.14350293596928698
EL Diablo,Screwdriver,0.14188087718371842
Margarita,Salty Dog,0.13793969318458907
Brooklyn,Martini,0.13670749576556365
Gin Fizz,Imperial Fizz,0.1339249000823439
Imperial Fizz,Singapore Sling,0.1335015921726194
Mojito,Zombie,0.13150760724590652
Earthquake,Stinger,0.12961216757399474
Black Russian,French Connection,0.12454671224897472
Black Russian,Godfather,0.12393064212105848
Brooklyn,Tequila Martini,0.12321690648328076
Cuba Libre,Long Island Ice Tea,0.12238017869083742
Havana Beach,Long Island Ice Tea,0.119562872101165
Brave Bull,Vodka & Tonic,0.11955596572782792
Imperial Fizz,New York,0.11568817929112134
Moscow Mule,Screwdriver,0.11378148182211933
Brave Bull,Stinger,0.1125783119241215
Manhattan,Tequila Martini,0.1124518605454145
EL Diablo,Tequila Sunrise,0.11106371702644556
Black Russian,Mai-Tai,0.11084879257412229
Dirty Mother,Stinger,0.11039916976679431
Earthquake,Miami Beach,0.10930954889105479
Horse’s Neck,Salty Dog,0.10716883076680048
Martini Sweet,Tequila Martini,0.10597549301637949
Miami Beach,Tequila Martini,0.10592486209541593
Havana Beach,Silk Stockings,0.10580767896943634
French Connection,Stinger,0.10530226046262753
Mockingbird,Silk Stockings,0.10505227469139213
Havana Beach,Mojito,0.10459663011334851
Cherry Blossom,Stinger,0.10415390817987785
Long Island Ice Tea,Tequila Sunset,0.10388711953681529
Chi-Chi,Havana Beach,0.10082884909250688
Sidecar,Silk Stockings,0.10017015823147672
Moscow Mule,Vodka & Tonic,0.09999823773997848
Miami Beach,Old Fashioned,0.09894157755411842
Godfather,Manhattan,0.09836390431340658
Cuba Libre,Mojito,0.09763911547934129
Margarita,Stinger,0.09731699921091151
Margarita,Miami Beach,0.09731183770493482
Martini Sweet,Negroni,0.09710027884860357
New York,Stinger,0.09377982306756254
Godfather,Vodka & Tonic,0.09340827561112654
Havana Beach,Vodka Gimlet,0.09336384727054459
EL Diablo,Negroni,0.09311506217132137
Miami Beach,Mockingbird,0.09307332022901069
Brave Bull,EL Diablo,0.09277706392056546
French Connection,Vodka & Tonic,0.09206676119909646
Martini Sweet,Miami Beach,0.09088194221451852
Brooklyn,Miami Beach,0.09024678196455932
Gin & Tonic,Tom Collins,0.08918473966199367
Screwdriver,Sex on the Beach,0.08803529888431305
Black Russian,Stinger,0.08796942045035668
Martini Sweet,Stinger,0.08534129399262882
Gin Fizz,Mojito,0.08512317252426688
Cosmopolitan,Stinger,0.08359921419107721
Silk Stockings,Tequila Sunset,0.08270699729718567
Brooklyn,New York,0.08237413382963162
Earthquake,Havana Beach,0.0809682935828379
French Connection,Negroni,0.07822612663891812
French Connection,Old Fashioned,0.07665511581071256
Havana Beach,Sex on the Beach,0.07620931689350031
Chi-Chi,Vodka & Tonic,0.076183979510023
New York,Tom Collins,0.07554447094028333
Brave Bull,Negroni,0.07443352244317453
Gin Fizz,John Collins,0.07320116013383672
Moscow Mule,Sex on the Beach,0.07109208393648624
Black Russian,Vodka & Tonic,0.07087649930340756
Godfather,Salty Dog,0.0696720159647738
Black Russian,Old Fashioned,0.06960089088742966
Godfather,Negroni,0.06946190015232727
Harvard Cooler,Zombie,0.0692898978679196
French Connection,Salty Dog,0.06898097047147844
Havana Beach,New York,0.06723386210502004
Bloody Mary,Vodka & Tonic,0.06701679444410341
Cherry Blossom,Old Fashioned,0.0663035759193762
Brave Bull,Salty Dog,0.06625854447604061
Salty Dog,Screwdriver,0.06616259143195329
Sex on the Beach,Vodka & Tonic,0.06596841064296922
Brave Bull,Horse’s Neck,0.06473643531310655
Havana Beach,Stinger,0.06471509043342859
Screwdriver,Zombie,0.06428707680578238
Dirty Mother,Earthquake,0.06356196140826507
Horse’s Neck,Negroni,0.063000434743168
Havana Beach,Zombie,0.06269417841138501
Sidecar,Vodka Gimlet,0.061989571122522534
Silk Stockings,Vodka Gimlet,0.0617358490980307
Harvard Cooler,Long Island Ice Tea,0.060956095268944084
Gin & Tonic,Screwdriver,0.060434980807779794
John Collins,Mojito,0.06040996965452859
Moscow Mule,Salty Dog,0.06017516061375837
John Collins,Singapore Sling,0.059951777588407446
Cherry Blossom,Silk Stockings,0.05958795787180923
EL Diablo,Sex on the Beach,0.05956469578057925
New York,Zombie,0.058263471104059134
Manhattan,Miami Beach,0.057567891927142185
Long Island Ice Tea,Mojito,0.05743533815024214
Mojito,Vodka Gimlet,0.05723034564642076
Earthquake,Sidecar,0.05662102795924212
Dirty Mother,Negroni,0.05578673474223682
Dirty Mother,Mai-Tai,0.05529900677145247
Manhattan,New York,0.055155739733635946
John Collins,Moscow Mule,0.055096019452460766
Chi-Chi,Screwdriver,0.05497153321303525
Gin & Tonic,Moscow Mule,0.05482958789810035
Black Russian,Salty Dog,0.054285434583865325
Harvard Cooler,Vodka Gimlet,0.0535725942377816
Bloody Mary,Martini,0.05346817761004791
Old Fashioned,Vodka & Tonic,0.0534501197430875
Harvard Cooler,Vodka & Tonic,0.053170279126407906
Miami Beach,Vodka Gimlet,0.05282366025852629
Gin & Tonic,Mojito,0.0526647895900985
Stinger,Tequila Martini,0.052284134400572904
Horse’s Neck,Screwdriver,0.05175607227835652
Cherry Blossom,New York,0.05104216048735351
Martini,Silk Stockings,0.05095275517143204
Old Fashioned,Salty Dog,0.0504393364813512
Gin Fizz,Long Island Ice Tea,0.050319254855725144
New York,Silk Stockings,0.0501035603022387
Earthquake,Mockingbird,0.04948876983098052
Bloody Mary,Brooklyn,0.04909711576151702
Bloody Mary,Earthquake,0.04900679248722573
Earthquake,Silk Stockings,0.047791812063858026
Black Russian,Screwdriver,0.0474799894857847
EL Diablo,Gin & Tonic,0.04702071422095785
Mockingbird,Moscow Mule,0.04699437550238568
Silk Stockings,Stinger,0.0469444824831435
Margarita,Tequila Martini,0.04692631657881139
Cosmopolitan,Vodka Gimlet,0.046776835536435454
Miami Beach,Silk Stockings,0.04673688180535578
Bloody Mary,Moscow Mule,0.046627357198742496
Dirty Mother,Horse’s Neck,0.045469090081518136
Cosmopolitan,New York,0.045468919525591504
Brooklyn,Havana Beach,0.044517681773785935
Havana Beach,Sidecar,0.04424264266225036
Havana Beach,Tequila Martini,0.042786307693268515
Miami Beach,Stinger,0.042450672285046474
Manhattan,Stinger,0.04212629944397165
Godfather,Horse’s Neck,0.04171760960590104
Gin Fizz,Negroni,0.04139434714267669
Negroni,Screwdriver,0.04069691610890939
Havana Beach,Margarita,0.04047535262155948
Cosmopolitan,Zombie,0.04012965780529001
Tequila Sunrise,Vodka & Tonic,0.03980345663854947
Negroni,Salty Dog,0.03931848153264255
Salty Dog,Sex on the Beach,0.038878169583612864
Stinger,Vodka Gimlet,0.038683045745366906
Cosmopolitan,Earthquake,0.03784459897255703
Singapore Sling,Vodka & Tonic,0.03779305966511673
Moscow Mule,New York,0.03692837193828027
Dirty Mother,Old Fashioned,0.036835129857177046
Horse’s Neck,Old Fashioned,0.036087107788791914
Cosmopolitan,Havana Beach,0.035939364090121086
Tequila Sunrise,Zombie,0.03583921332601449
Brave Bull,Tequila Sunrise,0.03448607808030422
Gin & Tonic,Sex on the Beach,0.03407627004038012
Mockingbird,Tequila Sunset,0.03309127101507657
Miami Beach,Zombie,0.03268148058197268
Cherry Blossom,Harvard Cooler,0.03263255696655029
Negroni,Old Fashioned,0.03240333436701229
Bloody Mary,Salty Dog,0.0315989578672803
Brave Bull,Tequila Martini,0.030853061762786887
Godfather,Imperial Fizz,0.030239687710223413
Gin & Tonic,Negroni,0.03022181422435863
Black Russian,Sex on the Beach,0.030109421447573347
Martini,Mockingbird,0.030054426246498112
Negroni,Vodka & Tonic,0.02999252290886777
Dirty Mother,Godfather,0.029306323141749975
Cherry Blossom,Miami Beach,0.02915858955420255
Godfather,John Collins,0.028789998499760227
Cherry Blossom,Havana Beach,0.028757449376255316
Manhattan,Sidecar,0.028663921123930427
Tequila Sunrise,Tequila Sunset,0.028591502581245837
Long Island Ice Tea,Sex on the Beach,0.028509145577794087
Brooklyn,Manhattan,0.0284296790860743
Manhattan,Silk Stockings,0.028289779573243388
Gin & Tonic,Singapore Sling,0.028158161183095772
Vodka Gimlet,Zombie,0.028085510425139983
Mojito,Moscow Mule,0.028062949964103374
Horse’s Neck,Singapore Sling,0.027625357387183427
Cherry Blossom,Margarita,0.027499077330974377
Cherry Blossom,Earthquake,0.02650999677660163
Harvard Cooler,Stinger,0.02625332071552196
Margarita,Moscow Mule,0.02592653784747498
Blue Hawaii,Mojito,0.02588705621533743
Gin & Tonic,Salty Dog,0.024825863768969225
Cosmopolitan,Silk Stockings,0.0245451478270731
Bloody Mary,Sex on the Beach,0.02445792181808635
Mai-Tai,Mojito,0.024057614854478916
EL Diablo,Mojito,0.02401571536468446
Brave Bull,Mojito,0.023817165725546922
Cuba Libre,EL Diablo,0.02345537580338504
Harvard Cooler,Tequila Sunset,0.023370399483863883
Mai-Tai,Zombie,0.023170546183776782
Bloody Mary,Tequila Martini,0.02311263033368677
Earthquake,Margarita,0.0224548257619473
Silk Stockings,Tequila Martini,0.021999213398164165
Martini,Stinger,0.021480205013208308
Mojito,Screwdriver,0.021371767259561872
Old Fashioned,Tequila Martini,0.021351121917235257
EL Diablo,Zombie,0.021139365451466864
Horse’s Neck,Tequila Sunrise,0.02108892015657104
Martini Sweet,Silk Stockings,0.021003486139067856
Cherry Blossom,Dirty Mother,0.02037707813911415
Tequila Sunset,Vodka Gimlet,0.020034835358042864
Cuba Libre,Zombie,0.019745100114620773
Blue Hawaii,Havana Beach,0.01968772360726411
Cherry Blossom,Tequila Sunset,0.01967859246259772
Dirty Mother,Martini Sweet,0.01884851553662206
Black Russian,Moscow Mule,0.018676191083185117
Cherry Blossom,Cosmopolitan,0.018667288560358528
Brooklyn,Stinger,0.018605794569151696
Blue Hawaii,Mai-Tai,0.017551530869458386
Manhattan,Margarita,0.017268738308702243
Sidecar,Tequila Sunset,0.01708264768453136
Negroni,Tom Collins,0.01691089260886463
Earthquake,Singapore Sling,0.01674453149185369
Bloody Mary,Gin & Tonic,0.01590482225499312
John Collins,Long Island Ice Tea,0.015902530246293393
Gin & Tonic,Long Island Ice Tea,0.015885609102898164
Bloody Mary,Horse’s Neck,0.01570358885170071
Brooklyn,Vodka Gimlet,0.015101226670431941
Brooklyn,Sidecar,0.015037998102171404
Negroni,Tequila Sunrise,0.01501226596879425
Chi-Chi,Salty Dog,0.014779099201764193
Harvard Cooler,Havana Beach,0.014418983400949928
Cuba Libre,French Connection,0.014270095388507405
Harvard Cooler,Sidecar,0.013968527641759678
Havana Beach,Martini,0.013118099168194404
Blue Hawaii,Cuba Libre,0.012464736915303986
Brave Bull,Margarita,0.0116830563993377
Chi-Chi,Cosmopolitan,0.01146786220028328
Godfather,Mojito,0.01126413672693907
Mockingbird,Tequila Martini,0.010938720340750711
Cherry Blossom,Martini Sweet,0.01090007554929434
Cuba Libre,Mai-Tai,0.010204066225680505
Earthquake,Negroni,0.009938232061356087
EL Diablo,Salty Dog,0.009642338205205683
Gin Fizz,Screwdriver,0.009561333582547552
Bloody Mary,Gin Fizz,0.008403219927480705
Cuba Libre,Gin & Tonic,0.008241126879175355
Chi-Chi,Moscow Mule,0.007831283816286661
French Connection,Manhattan,0.007764509780920667
Brooklyn,Mockingbird,0.007521247435534377
EL Diablo,Long Island Ice Tea,0.007447979262162621
Cuba Libre,Godfather,0.007317280511356331
Black Russian,Cuba Libre,0.007300684707846398
Gin Fizz,Martini Sweet,0.00711927836761756
Brooklyn,Old Fashioned,0.006851633102191343
New York,Tequila Sunrise,0.0062812703343421246
Black Russian,Mojito,0.006178523607957045
Martini,Old Fashioned,0.006163257337210712
Brooklyn,Godfather,0.005979715207823671
Margarita,Tequila Sunset,0.0059463257617032505
Gin & Tonic,John Collins,0.00582339977515485
Brooklyn,Martini Sweet,0.0050549581051991645
Bloody Mary,Dirty Mother,0.004891812748957484
Bloody Mary,Chi-Chi,0.004387383556502896
Long Island Ice Tea,Negroni,0.004338089270479687
Brooklyn,Cosmopolitan,0.0035220276209457567
Blue Hawaii,Godfather,0.0033548561016872903
Cherry Blossom,French Connection,0.002136268872143914
Cuba Libre,Screwdriver,0.0019122193985730545
Godfather,New York,0.0018045337331379604
Martini Sweet,Old Fashioned,0.0017679944497662838
Black Russian,Cosmopolitan,0.0009248193378466307
Gin Fizz,Martini,0.0008844866879086362
Brave Bull,Cuba Libre,0.0004391172559204543
Bloody Mary,EL Diablo,0.00036302508687422136
EL Diablo,Tequila Sunset,0.00032755708858563885
Mojito,Sex on the Beach,0.00022296039869085888
Dirty Mother,Sidecar,-0.0005026966736547449
Cherry Blossom,Tom Collins,-0.0008783322627303764
Martini,Negroni,-0.0011802511223088599
Blue Hawaii,French Connection,-0.001227066784249932
French Connection,Mojito,-0.0015712755637781865
Blue Hawaii,Chi-Chi,-0.0020407016561161486
Blue Hawaii,Zombie,-0.0022082807583655942
Blue Hawaii,Mockingbird,-0.0022883657469724935
Mojito,Tequila Sunrise,-0.0029360602254120045
Chi-Chi,Horse’s Neck,-0.003388090680308777
Cosmopolitan,Manhattan,-0.003563967043264787
Cuba Libre,Sex on the Beach,-0.0037194358619664293
Manhattan,Mockingbird,-0.0038053742323067097
Martini,Sidecar,-0.004668299330141065
Black Russian,Negroni,-0.0048443816987075745
Havana Beach,Mai-Tai,-0.005298617951328713
Martini Sweet,Singapore Sling,-0.005354422271070504
Miami Beach,Negroni,-0.005570018310022321
Bloody Mary,Mojito,-0.005869863236320078
Long Island Ice Tea,Singapore Sling,-0.006408452496903703
Cosmopolitan,Singapore Sling,-0.006494407256889989
Mojito,Salty Dog,-0.0071359268999097196
Earthquake,New York,-0.007181759322899434
Gin & Tonic,Tequila Sunrise,-0.00753959843249323
Mockingbird,Stinger,-0.007813851550344418
Cosmopolitan,Tom Collins,-0.008137749081142545
Cosmopolitan,Sex on the Beach,-0.00828645934121921
Cosmopolitan,Mockingbird,-0.00829600775257474
Harvard Cooler,Silk Stockings,-0.00836267984860776
Gin & Tonic,Zombie,-0.008500014530333118
Earthquake,Manhattan,-0.008608240770215946
Cuba Libre,John Collins,-0.008630702167207446
Brooklyn,Margarita,-0.008700984590976476
Black Russian,Chi-Chi,-0.0087413917550346
Cosmopolitan,Tequila Martini,-0.008943803853816008
Tequila Martini,Vodka Gimlet,-0.008988355020095809
French Connection,Margarita,-0.009063427565457659
Black Russian,EL Diablo,-0.00953447453921915
Gin & Tonic,Martini Sweet,-0.009660560894822458
EL Diablo,John Collins,-0.00971675984388094
French Connection,Harvard Cooler,-0.00975144638013516
Cosmopolitan,Harvard Cooler,-0.010195840490747489
Horse’s Neck,Mojito,-0.01026356164958806
Tequila Sunset,Tom Collins,-0.010527661355296003
Chi-Chi,Tequila Sunrise,-0.010695072443411153
Chi-Chi,Vodka Gimlet,-0.010783819371940173
Blue Hawaii,Imperial Fizz,-0.011366554048759442
John Collins,Vodka Gimlet,-0.011813249753542004
Blue Hawaii,Margarita,-0.011818567190178842
Salty Dog,Tequila Sunrise,-0.011931494269680903
Mojito,Silk Stockings,-0.012071917604301466
Mojito,Vodka & Tonic,-0.012192621267046847
Imperial Fizz,Silk Stockings,-0.012269663311557355
Martini Sweet,Sidecar,-0.012311187527962376
Cosmopolitan,Martini Sweet,-0.012463321438304706
Horse’s Neck,Sex on the Beach,-0.0129951415859147
EL Diablo,Vodka & Tonic,-0.013177594155752058
Long Island Ice Tea,Tom Collins,-0.013206118678877167
Mojito,Negroni,-0.013360998203697788
EL Diablo,French Connection,-0.013502252068502477
Black Russian,Bloody Mary,-0.013560962641207304
Chi-Chi,Tequila Sunset,-0.013800739659064597
Cherry Blossom,Long Island Ice Tea,-0.014122170086446652
Imperial Fizz,Manhattan,-0.014269180666094877
Gin & Tonic,Old Fashioned,-0.014271423208488364
Long Island Ice Tea,Zombie,-0.014313583446826367
Cherry Blossom,Negroni,-0.014480247103038451
Silk Stockings,Tequila Sunrise,-0.01507822802059769
Earthquake,Vodka Gimlet,-0.015187094702324381
Tom Collins,Vodka & Tonic,-0.015398044622485351
Havana Beach,Miami Beach,-0.01555624948545721
Blue Hawaii,Silk Stockings,-0.015626069123723583
Margarita,Martini,-0.015752187703132997
Tequila Sunset,Zombie,-0.01577466827614104
Long Island Ice Tea,Silk Stockings,-0.015864943215616042
Godfather,Martini,-0.01598463551417212
Black Russian,Vodka Gimlet,-0.0162717315918574
Sex on the Beach,Tequila Sunrise,-0.016333158629917157
Bloody Mary,Tequila Sunrise,-0.016497944463990163
Singapore Sling,Stinger,-0.01653141363169448
Blue Hawaii,Sex on the Beach,-0.017092409396756242
New York,Tequila Martini,-0.01721710045258163
Brooklyn,Dirty Mother,-0.017433966861828236
Martini Sweet,Tom Collins,-0.017664342910708085
Black Russian,Martini Sweet,-0.018029699442577755
Mojito,Tequila Sunset,-0.01809554023925799
Martini Sweet,Mockingbird,-0.018229102141461843
John Collins,Miami Beach,-0.018337730690488146
Gin Fizz,Vodka & Tonic,-0.019025200791293693
John Collins,Old Fashioned,-0.019152048853004224
Cuba Libre,Salty Dog,-0.01920582282688755
Chi-Chi,Mockingbird,-0.019275804085368702
Blue Hawaii,Sidecar,-0.019476932843921654
Old Fashioned,Stinger,-0.019768972277340896
Bloody Mary,Cuba Libre,-0.020155096176707313
Imperial Fizz,Zombie,-0.02029599024147381
Brooklyn,Silk Stockings,-0.02042631377060179
Godfather,Stinger,-0.020528084894024627
Imperial Fizz,Tequila Sunset,-0.020705182601813404
Brooklyn,Mai-Tai,-0.020763853707538457
Dirty Mother,Martini,-0.02086548542546267
Blue Hawaii,Stinger,-0.02107067518371063
Cherry Blossom,Vodka Gimlet,-0.021181460860745134
Gin Fizz,Moscow Mule,-0.02142097955295393
Cherry Blossom,Mockingbird,-0.02152243174545378
Blue Hawaii,Manhattan,-0.021828256048506915
Black Russian,Singapore Sling,-0.02193732512891319
Singapore Sling,Zombie,-0.02199559635764613
Chi-Chi,Mai-Tai,-0.022052394440226407
Brave Bull,Gin & Tonic,-0.02213461842075235
Earthquake,Gin Fizz,-0.022171965998232908
Brooklyn,Cherry Blossom,-0.02254043240196564
Moscow Mule,Tequila Sunrise,-0.02255229177021322
Bloody Mary,Negroni,-0.022967386054844482
Cherry Blossom,Manhattan,-0.02296981410852209
Martini,Tom Collins,-0.023248283214245494
EL Diablo,Godfather,-0.02325497327817672
Mai-Tai,Singapore Sling,-0.023733641156489665
Chi-Chi,EL Diablo,-0.023816472396506496
Imperial Fizz,Mockingbird,-0.024102605237828187
John Collins,Sex on the Beach,-0.024107880842693462
Godfather,Sidecar,-0.024138228444944617
Mai-Tai,Stinger,-0.02418636343779752
EL Diablo,Margarita,-0.024325140134713014
Cherry Blossom,Imperial Fizz,-0.024464983532641676
Imperial Fizz,Mojito,-0.024879341318720643
Earthquake,Old Fashioned,-0.025298539722506425
Cuba Libre,New York,-0.02532875569183336
Dirty Mother,Screwdriver,-0.025596435000937206
Earthquake,Tom Collins,-0.025712214747372272
Godfather,Mai-Tai,-0.025756149229409237
Negroni,Silk Stockings,-0.02578004708545771
Silk Stockings,Zombie,-0.025846904480738776
Bloody Mary,Tom Collins,-0.025900734817293557
Gin Fizz,Tequila Sunset,-0.02618183819377529
Blue Hawaii,Harvard Cooler,-0.026501120233166014
Tequila Martini,Tequila Sunset,-0.026519878534517108
Old Fashioned,Singapore Sling,-0.026528040628493028
Cuba Libre,Vodka Gimlet,-0.02655560684473246
Brave Bull,Sex on the Beach,-0.02656543407986814
John Collins,Screwdriver,-0.026673892323264604
Moscow Mule,Zombie,-0.02669162717431096
EL Diablo,New York,-0.026744020940376197
Brave Bull,Long Island Ice Tea,-0.026813293149781245
Mai-Tai,Salty Dog,-0.027218713727207577
Cherry Blossom,Martini,-0.027245171645635457
French Connection,Mai-Tai,-0.027592167956152224
Sex on the Beach,Tequila Sunset,-0.027614752667911517
Cosmopolitan,Imperial Fizz,-0.027786080492594758
Cuba Libre,Havana Beach,-0.027990148584366478
Brave Bull,Martini Sweet,-0.02810398859154153
Chi-Chi,Gin & Tonic,-0.02817112488862201
Bloody Mary,John Collins,-0.028276311541966522
Martini Sweet,New York,-0.02832996491677769
EL Diablo,Gin Fizz,-0.028382114004824655
Vodka & Tonic,Vodka Gimlet,-0.02856198054061495
Imperial Fizz,Long Island Ice Tea,-0.02872682966169476
EL Diablo,Mockingbird,-0.029113830222098208
Manhattan,Vodka Gimlet,-0.029330378894624948
Mojito,Old Fashioned,-0.02954941463072227
Margarita,Martini Sweet,-0.02967186221503779
Cuba Libre,Margarita,-0.0298003894265261
Brave Bull,Silk Stockings,-0.029878308075008096
Chi-Chi,Zombie,-0.029928610279075372
John Collins,Tequila Sunrise,-0.029977127011530144
Gin & Tonic,Harvard Cooler,-0.030012051802561293
Black Russian,Earthquake,-0.03072815693854528
Cosmopolitan,Martini,-0.03077780865983203
Blue Hawaii,Cosmopolitan,-0.030792529193698532
Godfather,Margarita,-0.030880052795755807
Mai-Tai,Vodka Gimlet,-0.031084248252845427
Brooklyn,Imperial Fizz,-0.03136903034642346
New York,Screwdriver,-0.03138184770518573
Brave Bull,Singapore Sling,-0.031391110299870593
Blue Hawaii,Singapore Sling,-0.031618943042225726
John Collins,Zombie,-0.031622941677081774
Salty Dog,Vodka Gimlet,-0.03179691489195228
Silk Stockings,Tom Collins,-0.03197776088170066
EL Diablo,Old Fashioned,-0.032031217821756615
Cosmopolitan,Salty Dog,-0.032351615532186254
Sidecar,Tequila Martini,-0.03238785794798913
Dirty Mother,Vodka & Tonic,-0.03265675700527375
French Connection,Gin & Tonic,-0.03314870390555377
Blue Hawaii,EL Diablo,-0.033364636431433704
EL Diablo,Silk Stockings,-0.03342189345930494
Negroni,Sex on the Beach,-0.03343178405692075
Moscow Mule,Singapore Sling,-0.033475899341153574
Gin & Tonic,Godfather,-0.033706868364410274
Black Russian,Gin & Tonic,-0.03393827889224826
Black Russian,Long Island Ice Tea,-0.03395626695809253
Long Island Ice Tea,Tequila Sunrise,-0.03395991302224973
Cuba Libre,Negroni,-0.034019132006195954
Gin & Tonic,Mai-Tai,-0.03405037111313148
Imperial Fizz,Sidecar,-0.03416094161959084
Mai-Tai,Tom Collins,-0.03424042675884336
Blue Hawaii,Long Island Ice Tea,-0.034301105259900634
Long Island Ice Tea,Screwdriver,-0.03438792312533067
Cherry Blossom,Chi-Chi,-0.034607781650445535
Mai-Tai,Old Fashioned,-0.034659623463529264
Cuba Libre,Vodka & Tonic,-0.03479623869988801
Cuba Libre,Dirty Mother,-0.034868314644081765
Blue Hawaii,Brave Bull,-0.03487065686527417
New York,Tequila Sunset,-0.034882936581735746
Martini Sweet,Tequila Sunset,-0.034933297669881555
Old Fashioned,Screwdriver,-0.03501800948266374
Brooklyn,Tequila Sunset,-0.0353916210719125
Havana Beach,Manhattan,-0.03540136841740525
Chi-Chi,Imperial Fizz,-0.03542399204242687
Dirty Mother,EL Diablo,-0.03552994119597379
Cosmopolitan,Tequila Sunset,-0.035590483862751154
Brave Bull,Screwdriver,-0.03559365074730081
Earthquake,Tequila Sunset,-0.03587903640444241
French Connection,Silk Stockings,-0.03698010630080138
Imperial Fizz,Miami Beach,-0.037150735230987705
Dirty Mother,Tequila Martini,-0.037359754615958016
Old Fashioned,Sex on the Beach,-0.037586310774512514
Blue Hawaii,Gin & Tonic,-0.037593112343440725
Cuba Libre,Tom Collins,-0.03783336183746293
Blue Hawaii,Brooklyn,-0.03785935613435097
John Collins,Salty Dog,-0.03792363859863718
Chi-Chi,Silk Stockings,-0.037938784442036695
Chi-Chi,Singapore Sling,-0.03806424141114423
Long Island Ice Tea,Vodka Gimlet,-0.0382166400212425
Cuba Libre,Gin Fizz,-0.03841582695661094
Cherry Blossom,Tequila Martini,-0.03842133538811424
French Connection,Screwdriver,-0.038565715930269924
Blue Hawaii,Vodka Gimlet,-0.03862437460407185
Dirty Mother,Tequila Sunrise,-0.03879136248620823
Brave Bull,Mai-Tai,-0.03882938845909493
Chi-Chi,Long Island Ice Tea,-0.03893802023210604
French Connection,Martini,-0.038939045544249935
Blue Hawaii,Salty Dog,-0.03895822837789976
Cuba Libre,Mockingbird,-0.038988932920203404
Bloody Mary,Singapore Sling,-0.03898982148026638
John Collins,Tequila Sunset,-0.03906309195600637
French Connection,Long Island Ice Tea,-0.0394109315866076
Chi-Chi,Earthquake,-0.03947356920543592
Miami Beach,Tequila Sunset,-0.039481012222142994
Cosmopolitan,Mai-Tai,-0.03952789167019072
Imperial Fizz,Mai-Tai,-0.03963494854910461
Sex on the Beach,Singapore Sling,-0.039768028128661245
Bloody Mary,Imperial Fizz,-0.039786177091513004
Cuba Libre,Tequila Sunrise,-0.04013215310064063
Bloody Mary,Zombie,-0.04017399134400461
New York,Old Fashioned,-0.040336571003573664
Chi-Chi,Negroni,-0.04041682525907281
Black Russian,Blue Hawaii,-0.040522025611581226
Bloody Mary,Old Fashioned,-0.04055281768467982
Brave Bull,Mockingbird,-0.040632767314068896
Brooklyn,Chi-Chi,-0.04077226577272233
Gin Fizz,Salty Dog,-0.04100913285549418
Blue Hawaii,Martini,-0.04109782104095877
Godfather,Silk Stockings,-0.04129979985947368
Chi-Chi,Margarita,-0.041398789489088775
Old Fashioned,Tequila Sunrise,-0.041590729840325885
Long Island Ice Tea,Sidecar,-0.04181582964379365
John Collins,Negroni,-0.042192031243992754
Salty Dog,Zombie,-0.04234328946924043
Havana Beach,Mockingbird,-0.042451520891550715
Bloody Mary,Mai-Tai,-0.04251235686335966
Negroni,Zombie,-0.04255378348796761
Brave Bull,Earthquake,-0.042621505852320815
Horse’s Neck,Stinger,-0.043064085487800066
Mai-Tai,Vodka & Tonic,-0.04314530824194912
Cuba Libre,Singapore Sling,-0.04347058455289563
Blue Hawaii,Moscow Mule,-0.04362172152318162
Tequila Sunset,Vodka & Tonic,-0.04363024516916195
EL Diablo,Singapore Sling,-0.04367714114424851
Chi-Chi,Miami Beach,-0.04377209360115431
Mojito,Singapore Sling,-0.04390856989293795
Mai-Tai,Mockingbird,-0.04398648875705737
Cuba Libre,Harvard Cooler,-0.04429481827140186
Mai-Tai,Tequila Martini,-0.04450364858850675
Mai-Tai,Moscow Mule,-0.04478376829867625
Sex on the Beach,Zombie,-0.04480055372411475
Mai-Tai,Manhattan,-0.04484980165336934
Mai-Tai,Tequila Sunrise,-0.044950250051337806
Tequila Martini,Tequila Sunrise,-0.045366109963713916
Moscow Mule,Old Fashioned,-0.04586608048795377
Brooklyn,Zombie,-0.04591403462566646
Imperial Fizz,Tequila Sunrise,-0.04620223142812614
Chi-Chi,Stinger,-0.04624776980464719
Harvard Cooler,Mai-Tai,-0.04627539977484148
Long Island Ice Tea,Moscow Mule,-0.046569755547024305
Chi-Chi,Cuba Libre,-0.046632871910230675
Brooklyn,Salty Dog,-0.04667599885637824
Bloody Mary,Tequila Sunset,-0.04670680887561086
Horse’s Neck,John Collins,-0.046890891188728266
Blue Hawaii,John Collins,-0.04712737795567257
EL Diablo,Tom Collins,-0.04737882136741736
Singapore Sling,Tequila Sunset,-0.04741307363484271
Chi-Chi,Sidecar,-0.04744424068033821
Manhattan,Negroni,-0.047661887873872565
Dirty Mother,Salty Dog,-0.04773509368525638
French Connection,Sex on the Beach,-0.04781706883873609
Blue Hawaii,Vodka & Tonic,-0.04787209562100788
Godfather,Screwdriver,-0.048076712748940154
Screwdriver,Singapore Sling,-0.04809627661644055
Cuba Libre,Old Fashioned,-0.048264954425542635
Screwdriver,Tequila Sunset,-0.048291876908679934
Cherry Blossom,Gin Fizz,-0.048389919741860805
Mai-Tai,Screwdriver,-0.04856415105705344
EL Diablo,Mai-Tai,-0.04880323047927201
Bloody Mary,Blue Hawaii,-0.04898624653214675
Gin Fizz,Zombie,-0.049069269353159806
Martini,Vodka Gimlet,-0.049113538952780575
Mai-Tai,Sex on the Beach,-0.049304620495860395
Cuba Libre,Horse’s Neck,-0.049307963093692724
Blue Hawaii,Tequila Sunset,-0.04939393919428404
Blue Hawaii,Tequila Sunrise,-0.049566076852939435
Imperial Fizz,Screwdriver,-0.049629188262692546
Godfather,Long Island Ice Tea,-0.0497069402235558
Dirty Mother,Long Island Ice Tea,-0.0497988522882134
Margarita,Tequila Sunrise,-0.04984812503151259
Blue Hawaii,Horse’s Neck,-0.05008148945163647
Havana Beach,Martini Sweet,-0.05014927300716194
Godfather,Miami Beach,-0.05033362141566708
Gin Fizz,Sex on the Beach,-0.0503591214437077
Sex on the Beach,Vodka Gimlet,-0.05042404937545072
Blue Hawaii,Negroni,-0.050435624697535125
Screwdriver,Vodka Gimlet,-0.05046782907012867
Blue Hawaii,Cherry Blossom,-0.05076260775757667
Cherry Blossom,Mai-Tai,-0.05087285379546737
Vodka & Tonic,Zombie,-0.05094310052897476
Negroni,New York,-0.05139207018635634
Martini Sweet,Vodka Gimlet,-0.05141273458110053
Salty Dog,Singapore Sling,-0.051534350336814784
Bloody Mary,Martini Sweet,-0.051751504093653686
Old Fashioned,Zombie,-0.051916055898564184
Chi-Chi,Harvard Cooler,-0.05193120490722684
Blue Hawaii,Earthquake,-0.05194861811391628
Brooklyn,Singapore Sling,-0.05207133417625862
Mai-Tai,New York,-0.05243526420883616
Horse’s Neck,Tequila Sunset,-0.05244030178998012
Godfather,Mockingbird,-0.05251210825282456
Brave Bull,John Collins,-0.052677584972704944
Cherry Blossom,Zombie,-0.05278496006150049
Chi-Chi,Dirty Mother,-0.052835407007342065
Bloody Mary,Long Island Ice Tea,-0.052900958725210154
Black Russian,Manhattan,-0.0530623615428744
EL Diablo,Tequila Martini,-0.05307723844763663
Cuba Libre,Imperial Fizz,-0.0532616953277301
Brooklyn,John Collins,-0.05335303195000664
Salty Dog,Tequila Sunset,-0.05340772759303582
Cosmopolitan,Vodka & Tonic,-0.05341584053591718
French Connection,Tequila Sunrise,-0.05357707495807874
Horse’s Neck,Mai-Tai,-0.05365849540688008
Earthquake,Gin & Tonic,-0.054118632480153896
Earthquake,Long Island Ice Tea,-0.05412197218891511
Dirty Mother,Sex on the Beach,-0.05444696181644584
EL Diablo,Harvard Cooler,-0.05460817750505662
Blue Hawaii,Tequila Martini,-0.05544019517083947
Tom Collins,Zombie,-0.0559228590388783
Dirty Mother,Mojito,-0.05593243531852741
Godfather,Sex on the Beach,-0.05596800532456165
Brooklyn,Gin & Tonic,-0.05651642765852462
Earthquake,Mai-Tai,-0.05656590972456474
French Connection,Imperial Fizz,-0.056733054680725495
Brave Bull,Moscow Mule,-0.05695765418940268
Mai-Tai,Silk Stockings,-0.05699613447199911
Brooklyn,Negroni,-0.05706885649404791
Imperial Fizz,Old Fashioned,-0.057332468997331736
Harvard Cooler,Moscow Mule,-0.057431039907720534
Stinger,Zombie,-0.05744271731192467
Cherry Blossom,Tequila Sunrise,-0.057580603847246115
Blue Hawaii,Screwdriver,-0.05775223420903026
John Collins,Vodka & Tonic,-0.057929031513743
Mojito,Tom Collins,-0.0579313014313931
Cosmopolitan,Screwdriver,-0.058039893568879175
Imperial Fizz,Martini,-0.0580709889118388
Mai-Tai,Negroni,-0.05809092887446041
Mai-Tai,Tequila Sunset,-0.05825461590701021
Mai-Tai,Miami Beach,-0.058303098206653976
Gin Fizz,Godfather,-0.058329469535936436
Dirty Mother,Gin & Tonic,-0.05881548194879354
Cherry Blossom,Horse’s Neck,-0.059121998148464944
Margarita,Sex on the Beach,-0.05918880229935895
Sidecar,Singapore Sling,-0.05936390683367176
Mai-Tai,Sidecar,-0.05941217577841647
Bloody Mary,Vodka Gimlet,-0.05945073405354841
John Collins,Mai-Tai,-0.05946752157499223
Long Island Ice Tea,Salty Dog,-0.05948793150484825
Martini Sweet,Salty Dog,-0.05952705922399224
Mai-Tai,Margarita,-0.059733146619484985
Horse’s Neck,Martini Sweet,-0.06031325421337124
Mai-Tai,Martini Sweet,-0.0607316909041891
Black Russian,John Collins,-0.06085669847479277
Black Russian,Tequila Sunrise,-0.06086490487185074
Gin & Tonic,Martini,-0.060976552099370154
Godfather,Tequila Martini,-0.06102245036685855
Gin Fizz,Old Fashioned,-0.06102700154596953
Gin & Tonic,Imperial Fizz,-0.06107140309182364
Cherry Blossom,John Collins,-0.06155215828647966
Imperial Fizz,Vodka Gimlet,-0.06155348782048116
Godfather,Tequila Sunrise,-0.06159512770531424
John Collins,Sidecar,-0.062313075299847365
French Connection,Mockingbird,-0.06235457282260976
Brooklyn,Sex on the Beach,-0.062389822034593805
Blue Hawaii,Old Fashioned,-0.06257231592827006
Bloody Mary,Cosmopolitan,-0.06309964453721383
Long Island Ice Tea,Mai-Tai,-0.06347902893135463
Brave Bull,Tequila Sunset,-0.06392387278735982
Black Russian,Gin Fizz,-0.06415946429075983
Cherry Blossom,Singapore Sling,-0.06421554165649827
Cosmopolitan,Moscow Mule,-0.06439706503219589
Stinger,Tequila Sunset,-0.06466319609066201
Gin Fizz,Mai-Tai,-0.06470541188570614
Gin & Tonic,Tequila Sunset,-0.06475328944405567
Mockingbird,Sex on the Beach,-0.06494131160010286
Brave Bull,Manhattan,-0.06502056019024623
Harvard Cooler,Sex on the Beach,-0.06528639272247182
Manhattan,Mojito,-0.0655909651725373
Cosmopolitan,Gin Fizz,-0.06584225568209026
French Connection,Zombie,-0.06585678903590227
Earthquake,Sex on the Beach,-0.06597252331055226
Sex on the Beach,Sidecar,-0.06609669738601796
Negroni,Singapore Sling,-0.06643256463981194
Chi-Chi,Old Fashioned,-0.06654508654379475
Blue Hawaii,Miami Beach,-0.06670029232320371
French Connection,John Collins,-0.06670562268949881
Dirty Mother,Singapore Sling,-0.06693086821577167
Mojito,Tequila Martini,-0.06715638356620213
Godfather,Moscow Mule,-0.06727443075382951
Long Island Ice Tea,Old Fashioned,-0.06738639726026531
Imperial Fizz,Sex on the Beach,-0.06767777718200887
Cuba Libre,Stinger,-0.06782012383269756
Mockingbird,Tom Collins,-0.06782276916287479
Cuba Libre,Manhattan,-0.06815461468176424
Bloody Mary,Harvard Cooler,-0.06840666232661312
Chi-Chi,Martini Sweet,-0.06860130715095834
Tequila Sunrise,Vodka Gimlet,-0.06860606648019787
Manhattan,Tequila Sunset,-0.06866089412581562
Negroni,Tequila Sunset,-0.06871115474357402
Chi-Chi,Mojito,-0.06883234023447497
Bloody Mary,Mockingbird,-0.0692252255154668
Black Russian,Tequila Martini,-0.06924511317546424
Martini,New York,-0.06930190978393448
Mai-Tai,Martini,-0.06935384364986659
Brave Bull,Chi-Chi,-0.07005796969821662
Imperial Fizz,Moscow Mule,-0.07008872825772251
Horse’s Neck,Zombie,-0.07024736512076969
Dirty Mother,Gin Fizz,-0.07101753576394998
EL Diablo,Imperial Fizz,-0.07126174375330874
Blue Hawaii,Tom Collins,-0.07135777291623664
Cherry Blossom,Sex on the Beach,-0.07183016240955652
Bloody Mary,Havana Beach,-0.07195919685437105
Cosmopolitan,Long Island Ice Tea,-0.07204525634771794
Martini,Singapore Sling,-0.07243471882521078
French Connection,Tequila Martini,-0.0726775917252792
Cuba Libre,Tequila Sunset,-0.07269196481004572
Bloody Mary,Godfather,-0.07286050890297104
Dirty Mother,Silk Stockings,-0.07311443316088762
French Connection,Moscow Mule,-0.07311586332748095
Long Island Ice Tea,Martini Sweet,-0.07319831738443762
Salty Dog,Tom Collins,-0.07321120833548003
Margarita,Zombie,-0.07348346571812096
Brooklyn,EL Diablo,-0.0735135596017519
Chi-Chi,John Collins,-0.07406226720720784
Martini,Tequila Sunset,-0.07458499467681295
Dirty Mother,Harvard Cooler,-0.07463524122024966
Blue Hawaii,Dirty Mother,-0.07464383626369549
Singapore Sling,Vodka Gimlet,-0.07475068670511817
Brooklyn,Tom Collins,-0.0751164258266729
Mockingbird,Singapore Sling,-0.07530574905070817
Chi-Chi,Tom Collins,-0.075396786968932
Harvard Cooler,Tequila Sunrise,-0.07551490431893026
Brooklyn,Mojito,-0.07586648214738362
Long Island Ice Tea,Margarita,-0.07596037331712599
Long Island Ice Tea,Vodka & Tonic,-0.07605074233047777
Miami Beach,Tom Collins,-0.07607174080836061
Bloody Mary,French Connection,-0.07646878866725021
Mojito,Stinger,-0.07664504430295845
Long Island Ice Tea,Stinger,-0.07665461736307311
Tequila Martini,Zombie,-0.07687894897534146
Godfather,Zombie,-0.0769841098309929
Manhattan,Salty Dog,-0.07707374586897445
Singapore Sling,Tequila Sunrise,-0.07712422901317184
Negroni,Stinger,-0.07714507386428235
Miami Beach,Moscow Mule,-0.07781610040009837
Blue Hawaii,Martini Sweet,-0.0780059402837468
Cosmopolitan,EL Diablo,-0.07801749752618761
Chi-Chi,French Connection,-0.07819577569297469
Mockingbird,Vodka & Tonic,-0.07847715512098778
Moscow Mule,Tequila Sunset,-0.07877869543217568
Cosmopolitan,Cuba Libre,-0.07941961538235297
Blue Hawaii,Gin Fizz,-0.07964861583387599
Bloody Mary,Miami Beach,-0.07984670392640336
John Collins,Mockingbird,-0.08019539287049496
Brave Bull,Gin Fizz,-0.08080286026117316
Martini Sweet,Mojito,-0.0809711349623431
Brooklyn,Tequila Sunrise,-0.08111471049040084
Gin & Tonic,Tequila Martini,-0.08139109751257183
Havana Beach,Tequila Sunrise,-0.08142339250902951
French Connection,Gin Fizz,-0.08151211552048106
Black Russian,Horse’s Neck,-0.081700310775585
Martini Sweet,Tequila Sunrise,-0.08173501325130905
Black Russian,Brooklyn,-0.08205236760227695
Imperial Fizz,Vodka & Tonic,-0.0820874425881581
Cherry Blossom,Cuba Libre,-0.08213333632012125
Cosmopolitan,French Connection,-0.08311073153897804
Dirty Mother,Zombie,-0.0833922004793734
Brave Bull,Zombie,-0.08356273368312372
Salty Dog,Tequila Martini,-0.08360703069146248
Black Russian,Cherry Blossom,-0.08380486234546868
Sidecar,Zombie,-0.08400335855698865
Harvard Cooler,Screwdriver,-0.08417785402967473
Imperial Fizz,Salty Dog,-0.0842339376430869
Blue Hawaii,New York,-0.08449842764142909
EL Diablo,Martini Sweet,-0.08458738658627446
Martini Sweet,Vodka & Tonic,-0.084640827630249
Brooklyn,French Connection,-0.0847301539214182
Bloody Mary,Brave Bull,-0.08477930413682827
Brooklyn,Moscow Mule,-0.08481802150089054
Bloody Mary,Manhattan,-0.08502776396404656
Sex on the Beach,Silk Stockings,-0.08510348181718091
Cherry Blossom,EL Diablo,-0.08516015062594744
Cuba Libre,Tequila Martini,-0.08518248447679234
Horse’s Neck,Imperial Fizz,-0.08548605126996377
Sex on the Beach,Stinger,-0.0856543245807332
Cosmopolitan,Negroni,-0.08567634051041875
Gin Fizz,Vodka Gimlet,-0.08578890278478046
Cherry Blossom,Mojito,-0.08652733965214278
Black Russian,Zombie,-0.08653244756254704
Old Fashioned,Tequila Sunset,-0.08673477752864503
Brooklyn,Vodka & Tonic,-0.08696082623073129
Chi-Chi,New York,-0.08698514529461734
Chi-Chi,Gin Fizz,-0.08717973495060256
Mockingbird,Salty Dog,-0.08754557302841141
Bloody Mary,Cherry Blossom,-0.08765814553235972
Brooklyn,Cuba Libre,-0.08774729779999924
Chi-Chi,Godfather,-0.08779445675792207
Gin & Tonic,Manhattan,-0.08822628172445167
Horse’s Neck,Mockingbird,-0.08835049129725674
Manhattan,Tom Collins,-0.08884845888486584
Dirty Mother,Manhattan,-0.08896319465357257
Moscow Mule,Sidecar,-0.0890324860520605
Dirty Mother,Tequila Sunset,-0.08911899160671705
Cosmopolitan,Godfather,-0.08953067221211257
Mockingbird,Negroni,-0.08957719727292915
Brooklyn,Horse’s Neck,-0.08960843548345136
Martini Sweet,Screwdriver,-0.08961915968851655
Gin & Tonic,Vodka Gimlet,-0.08972124035402028
Cherry Blossom,Godfather,-0.08975123668899125
Gin Fizz,Silk Stockings,-0.09045721417311836
Brooklyn,Screwdriver,-0.09096821391217959
Harvard Cooler,Salty Dog,-0.09112335653438718
Manhattan,Zombie,-0.09154932965667843
Imperial Fizz,Negroni,-0.09165119000417361
Mockingbird,Screwdriver,-0.0918398306687381
Mockingbird,Zombie,-0.09188971716358359
Tequila Sunrise,Tom Collins,-0.09203317238819358
Bloody Mary,Silk Stockings,-0.09208831442041344
Chi-Chi,Tequila Martini,-0.09217655289056857
Manhattan,Singapore Sling,-0.09218071307728827
Dirty Mother,Tom Collins,-0.09238893852542657
Havana Beach,Imperial Fizz,-0.09252092384734396
Horse’s Neck,Sidecar,-0.09261745096715417
Horse’s Neck,Long Island Ice Tea,-0.09302823238361249
Martini Sweet,Sex on the Beach,-0.09327087623375972
Singapore Sling,Tequila Martini,-0.0938029113572244
Brooklyn,Long Island Ice Tea,-0.09402020452485292
Harvard Cooler,Negroni,-0.09460919237881675
Chi-Chi,Manhattan,-0.0950885549480654
Imperial Fizz,Margarita,-0.09524734576585256
EL Diablo,Manhattan,-0.09541796825749398
Brave Bull,Cosmopolitan,-0.09563494594068483
Long Island Ice Tea,Manhattan,-0.09565772505312375
Moscow Mule,Tequila Martini,-0.0956693586326556
Sidecar,Tom Collins,-0.09597013301782248
Old Fashioned,Vodka Gimlet,-0.09683870264739144
Imperial Fizz,Stinger,-0.09711099147990715
Moscow Mule,Negroni,-0.09716342884985099
Brave Bull,Brooklyn,-0.09726020199283097
Cosmopolitan,Old Fashioned,-0.09740298831509192
Brave Bull,Cherry Blossom,-0.09763511047606648
Cuba Libre,Silk Stockings,-0.09827711023889081
Martini Sweet,Zombie,-0.09842135428090688
Cherry Blossom,Salty Dog,-0.0984400958950736
Dirty Mother,John Collins,-0.09847520716215244
Dirty Mother,Miami Beach,-0.09850107472128065
Brave Bull,Vodka Gimlet,-0.09866918684672195
Earthquake,Imperial Fizz,-0.09882082938869738
Sex on the Beach,Tequila Martini,-0.09886413099599911
Gin & Tonic,Stinger,-0.09892679849590574
Gin Fizz,Manhattan,-0.09984305326263981
Godfather,Vodka Gimlet,-0.10007226929861639
Long Island Ice Tea,Mockingbird,-0.10027613576602518
Mockingbird,Old Fashioned,-0.1008888959223909
Cherry Blossom,Screwdriver,-0.10139431963736692
Gin & Tonic,Mockingbird,-0.10142726554489431
Cosmopolitan,Gin & Tonic,-0.10161187827717015
Manhattan,Sex on the Beach,-0.10169034038707916
Salty Dog,Stinger,-0.10184587801931332
Horse’s Neck,Miami Beach,-0.10239207476512466
EL Diablo,Stinger,-0.10255129383401702
Martini,Mojito,-0.10270388391032076
Godfather,Singapore Sling,-0.10290325806692291
John Collins,Tequila Martini,-0.1030014233532053
Godfather,Tom Collins,-0.10341473462030626
Black Russian,Tom Collins,-0.10356809932120893
John Collins,Silk Stockings,-0.10377377718015988
Brooklyn,Harvard Cooler,-0.10379339813235429
Miami Beach,Sex on the Beach,-0.1038269660918947
Long Island Ice Tea,Martini,-0.10388316646114988
Cosmopolitan,Dirty Mother,-0.1046232895221378
Brooklyn,Gin Fizz,-0.1049603840764659
Margarita,Negroni,-0.10499995869781696
Long Island Ice Tea,Tequila Martini,-0.10509344776190647
Tequila Martini,Vodka & Tonic,-0.10573259603417075
Silk Stockings,Singapore Sling,-0.10575674331017192
Gin Fizz,Mockingbird,-0.10602203488491853
Cosmopolitan,Tequila Sunrise,-0.10604938706993611
Earthquake,Salty Dog,-0.1062377813115559
Old Fashioned,Tom Collins,-0.10649693553261903
John Collins,Margarita,-0.10678964540585278
Black Russian,Silk Stockings,-0.10682237559132071
Negroni,Tequila Martini,-0.10687000693162912
Miami Beach,Tequila Sunrise,-0.10729165768430382
Imperial Fizz,Martini Sweet,-0.10757986904572825
Havana Beach,John Collins,-0.1076506015689869
Miami Beach,Singapore Sling,-0.1077671410604833
French Connection,Singapore Sling,-0.1082511580799248
Godfather,Martini Sweet,-0.10837827246990667
Dirty Mother,Margarita,-0.10850809864116091
Manhattan,Tequila Sunrise,-0.10851356403313776
Salty Dog,Silk Stockings,-0.10917367501912828
Chi-Chi,Martini,-0.10951784915239171
Stinger,Tequila Sunrise,-0.10956360775678674
French Connection,Tom Collins,-0.1098298818748811
EL Diablo,Sidecar,-0.11010764644612822
Long Island Ice Tea,New York,-0.11013185717098264
Gin & Tonic,Miami Beach,-0.11050529567201076
Cuba Libre,Martini Sweet,-0.1105765757036494
Earthquake,Tequila Sunrise,-0.11073091186125952
Cherry Blossom,Gin & Tonic,-0.11074944968831661
Old Fashioned,Silk Stockings,-0.11089529091033697
Dirty Mother,Imperial Fizz,-0.11090888580192153
Havana Beach,Singapore Sling,-0.11094071111227403
Dirty Mother,Moscow Mule,-0.11100044130140203
Screwdriver,Tom Collins,-0.11107802764926657
Black Russian,Martini,-0.11110175336159081
Old Fashioned,Sidecar,-0.11111285654898101
EL Diablo,Havana Beach,-0.11111666065772029
Imperial Fizz,Tequila Martini,-0.11161305837941157
Manhattan,Moscow Mule,-0.11162285512236488
Dirty Mother,Mockingbird,-0.11196577353312584
Screwdriver,Tequila Martini,-0.11207484406149877
French Connection,Vodka Gimlet,-0.11229731601885927
French Connection,Martini Sweet,-0.11235987477807402
Margarita,Old Fashioned,-0.11246353349149531
Gin Fizz,Tequila Martini,-0.11408559532118162
EL Diablo,Earthquake,-0.11413652290726388
Black Russian,Margarita,-0.11450636952751796
Martini,Salty Dog,-0.11456585159699761
French Connection,New York,-0.11481971291301253
John Collins,Stinger,-0.11526861672767849
Mojito,New York,-0.11540232386376713
Sex on the Beach,Tom Collins,-0.11648596081397308
EL Diablo,Miami Beach,-0.11669639578004014
Earthquake,Vodka & Tonic,-0.11752283434152402
Miami Beach,Vodka & Tonic,-0.1175757203221621
Cherry Blossom,Vodka & Tonic,-0.11821885045748773
Horse’s Neck,Tequila Martini,-0.1182251213793272
Tom Collins,Vodka Gimlet,-0.11824789976429945
John Collins,Martini Sweet,-0.11827907720011643
Black Russian,Imperial Fizz,-0.11888003288462715
Havana Beach,Salty Dog,-0.11903430457710218
Cosmopolitan,Mojito,-0.11904889237797255
Cuba Libre,Martini,-0.1191278783037811
Horse’s Neck,Martini,-0.11928071054504558
Earthquake,Horse’s Neck,-0.11939906243079944
Negroni,Sidecar,-0.11940084813894662
Gin & Tonic,Havana Beach,-0.11995768774315871
Havana Beach,Negroni,-0.12066386903289332
Salty Dog,Sidecar,-0.12131057517509694
Earthquake,Zombie,-0.12136577298622556
Gin Fizz,Miami Beach,-0.12137269953786164
Mockingbird,Mojito,-0.12171327591260392
Screwdriver,Silk Stockings,-0.12179655096668607
Gin & Tonic,Margarita,-0.12181052755990264
Miami Beach,Screwdriver,-0.12224379960109835
Margarita,Singapore Sling,-0.12242800808554728
Harvard Cooler,Manhattan,-0.12271888404085426
Bloody Mary,Stinger,-0.1232173357893726
Screwdriver,Stinger,-0.12331970053195583
Martini,Tequila Sunrise,-0.12332389146651587
Black Russian,Tequila Sunset,-0.12360959325883608
Black Russian,Mockingbird,-0.12385063513136477
Gin & Tonic,Silk Stockings,-0.12389521638023362
Horse’s Neck,Manhattan,-0.12422345874973582
Earthquake,Screwdriver,-0.12477307027841328
Martini Sweet,Moscow Mule,-0.12478595314302976
New York,Singapore Sling,-0.12555877971862442
Black Russian,Sidecar,-0.12564484635409878
French Connection,Tequila Sunset,-0.12582049262172523
Stinger,Vodka & Tonic,-0.12818884239857797
Silk Stockings,Vodka & Tonic,-0.1283905490915141
Moscow Mule,Stinger,-0.12865314253256604
Manhattan,Vodka & Tonic,-0.1287261099284524
Martini,Vodka & Tonic,-0.12888279228504163
Horse’s Neck,Vodka Gimlet,-0.12891391039038977
Earthquake,Mojito,-0.1289842177734487
New York,Salty Dog,-0.12916447039581028
Moscow Mule,Tom Collins,-0.12992131644396462
Cuba Libre,Sidecar,-0.13047806481915064
Brave Bull,Martini,-0.13049292066365245
Manhattan,Screwdriver,-0.13079969095393668
Horse’s Neck,Silk Stockings,-0.1320720688112441
Cosmopolitan,John Collins,-0.1327994819305381
EL Diablo,Vodka Gimlet,-0.1342390027144307
Miami Beach,Mojito,-0.13427969019863079
Long Island Ice Tea,Miami Beach,-0.13451140099641273
Sidecar,Tequila Sunrise,-0.13537639300684676
Godfather,Tequila Sunset,-0.13575902159828723
Brave Bull,Havana Beach,-0.1361501903903538
Margarita,Screwdriver,-0.13642327751559044
Brave Bull,Imperial Fizz,-0.1367451096191531
New York,Sex on the Beach,-0.13685848483829066
Harvard Cooler,New York,-0.13702445951038944
Negroni,Vodka Gimlet,-0.1370388994834105
Black Russian,New York,-0.13754101123153245
John Collins,Martini,-0.13781103440026374
Martini,Zombie,-0.13820214082999005
Brave Bull,Harvard Cooler,-0.1386826471515052
Havana Beach,Old Fashioned,-0.13899187767260915
Black Russian,Havana Beach,-0.1395534154696249
Harvard Cooler,Tequila Martini,-0.14046187884795946
Gin & Tonic,Sidecar,-0.1405611644578578
Cuba Libre,Miami Beach,-0.14209225624868685
Earthquake,Godfather,-0.1427242851726001
French Connection,Havana Beach,-0.1429445779804078
Martini,Screwdriver,-0.14375525213812554
Havana Beach,Moscow Mule,-0.14457853264743378
Harvard Cooler,Mockingbird,-0.14460923836378864
Black Russian,Harvard Cooler,-0.14559935299270838
Dirty Mother,New York,-0.1457896211365412
Bloody Mary,Margarita,-0.1460915460256761
Harvard Cooler,Old Fashioned,-0.14652938186607023
Godfather,Harvard Cooler,-0.14729567455848597
Cherry Blossom,Moscow Mule,-0.14745670607863814
Gin & Tonic,New York,-0.1489380739182997
Brave Bull,Sidecar,-0.14903263900542885
Havana Beach,Screwdriver,-0.14971439311339946
Havana Beach,Tom Collins,-0.1503665505489012
Martini,Sex on the Beach,-0.15061300445756293
Cosmopolitan,Horse’s Neck,-0.1507363384748268
Dirty Mother,Vodka Gimlet,-0.1509807766586277
Earthquake,Moscow Mule,-0.1518034484269348
Godfather,Havana Beach,-0.1524763300140941
Cuba Libre,Earthquake,-0.15312238097116157
EL Diablo,Martini,-0.15392604509960545
Stinger,Tom Collins,-0.15492563866910178
Martini,Moscow Mule,-0.15591743290339943
Bloody Mary,Sidecar,-0.15649482906311366
Earthquake,French Connection,-0.15683558389662833
Havana Beach,Vodka & Tonic,-0.15688609559586558
Screwdriver,Sidecar,-0.1570542423822479
Black Russian,Miami Beach,-0.15714540826383847
Bloody Mary,New York,-0.1574712822149451
Moscow Mule,Silk Stockings,-0.1587227704945607
Margarita,Vodka & Tonic,-0.1590747598470277
Margarita,Mojito,-0.16026774421955234
Harvard Cooler,Martini Sweet,-0.16159677212981718
Gin Fizz,Stinger,-0.16170937147868444
Brave Bull,New York,-0.16195399852592582
French Connection,Miami Beach,-0.16496972913516142
Harvard Cooler,Miami Beach,-0.1670441653528023
Tequila Martini,Tom Collins,-0.16928782319178437
Gin Fizz,Havana Beach,-0.17243221476136064
Havana Beach,Horse’s Neck,-0.17243407229791416
Earthquake,John Collins,-0.17407651787534592
Brave Bull,Miami Beach,-0.18120421855067342
Sidecar,Vodka & Tonic,-0.18326979063689597
Gin Fizz,Sidecar,-0.18424870112009983
Harvard Cooler,Margarita,-0.18804961481620502
Harvard Cooler,Martini,-0.18896043871244547
Earthquake,Harvard Cooler,-0.18903815797177062
Gin Fizz,New York,-0.19088522728783605
New York,Vodka & Tonic,-0.19456418232288258
Horse’s Neck,Margarita,-0.1973226828029653
Mojito,Sidecar,-0.19951683471027848
Brave Bull,Tom Collins,-0.21456200504815684
Margarita,Tom Collins,-0.22809800578638786
Horse’s Neck,New York,-0.23198180834560378
Gin Fizz,Margarita,-0.2554487663194611
